viewCount,likeCount,dislikeCount,favoriteCount,commentCount,upTime, projectedViews
0,655138,390503,302736101,10068,525600,302736101
0,32869,435,1025342,2127,525600,1025342
0,61487,588,780305,2929,525600,780305
0,756734,94703,200632220,45544,525600,200632220
0,1430,60,22674,382,525600,22674
0,236918,41271,49691877,7870,525600,49691877
0,40329,14152,49229504,67,525600,49229504
0,2599,133,162973,123,525600,162973
0,16141,125,371238,1529,525600,371238
0,161087,1787,3323335,13968,525600,3323335
0,2032935,72697,186251248,115947,525600,186251248
0,882652,42274,41938292,49009,525600,41938292
0,1316851,67064,334043362,69519,525600,334043362
0,1003968,25856,105786112,43447,525600,105786112
0,2569,328,258290,1329,525600,258290
0,2168872,93900,600337531,83238,525600,600337531
0,361638,88938,10724563,32563,525600,10724563
0,108347,13851,32238523,12416,525600,32238523
0,409787,13052,97025693,11487,525600,97025693
0,465193,99824,126528607,15526,525600,126528607
0,1122,194,204185,0,525600,204185
0,1240254,21003,171957212,38902,525600,171957212
0,63457,8091,10010956,8419,525600,10010956
0,3467859,214156,982313214,112768,525600,982313214
0,667876,11580,78314363,29404,525600,78314363
0,2448829,130679,730224292,120821,525600,730224292
0,166795,9647,64826314,10396,525600,64826314
0,1844,267,93653,864,525600,93653
0,4508634,216906,912108183,280885,525600,912108183
0,2134112,79023,377645336,225821,525600,377645336
0,3723772,1231539,1829044786,275733,525600,1829044786
0,2316,115,106032,394,525600,106032
0,1611021,49158,268215630,43386,525600,268215630
0,25195,102,337496,609,525600,337496
0,92,5,9464,10,525600,9464
0,74594,1663,1661447,4021,525600,1661447
0,385223,9696,23536926,15483,525600,23536926
0,34169,1375,2526568,3455,525600,2526568
0,1831374,78756,155033883,66171,525600,155033883
0,55353,9919,12564919,22404,525600,12564919
0,1782,62,72695,199,525600,72695
0,28857,1023,2115840,3094,525600,2115840
0,1115040,262303,588132629,37991,525600,588132629
0,393237,23324,41598878,31082,525600,41598878
0,13385,5892,8147996,441,525600,8147996
0,11672,140,234945,853,525600,234945
0,47575,6159,6910209,1019,525600,6910209
0,895,39,100117,253,525600,100117
0,6433,866,745420,2594,525600,745420
0,5643,110,195723,1051,525600,195723
0,5898,56,65774,344,525600,65774
0,2296,230,286295,880,525600,286295
0,604,286,19883,310,525600,19883
0,4214,616,347226,1627,525600,347226
0,2390,64,210584,515,525600,210584
0,1527,52,130368,503,525600,130368
0,429,18,47100,59,525600,47100
0,3704809,417079,253526409,409059,525600,253526409
0,1327133,59355,238784399,38439,525600,238784399
0,1025,123,112452,141,525600,112452
0,506,25,20785,41,525600,20785
0,136244,3485,4682607,14250,525600,4682607
0,455,38,15997,114,525600,15997
0,964,413,61395,1786,525600,61395
0,85833,1554,5640690,4196,525600,5640690
0,11350,184,464148,730,525600,464148
0,3920,251,330574,2743,525600,330574
0,34139,1566,2167788,5306,525600,2167788
0,69816,3294,18785704,5821,525600,18785704
0,142294,6841,5711902,27958,525600,5711902
0,235749,9739,24839561,4040,525600,24839561
0,1164341,59015,173130962,105525,525600,173130962
0,2225821,51813,380054376,152455,525600,380054376
0,4792779,149612,742320525,140329,525600,742320525
0,9792,596,1209086,887,525600,1209086
0,2577765,69279,150932925,123630,525600,150932925
0,39119,1745,3896409,2811,525600,3896409
0,1498986,296415,274476579,85773,525600,274476579
0,924225,33040,10620631,124526,525600,10620631
0,9,3,713,3,525600,713
0,28670,1201,1435309,6648,525600,1435309
0,3198069,80733,150495262,132200,525600,150495262
0,5306,227,180210,2426,525600,180210
0,217097,6075,31559209,20088,525600,31559209
0,6475,250,259525,1898,525600,259525
0,100,29,5888,108,525600,5888
0,84034,2229,16311381,3758,525600,16311381
0,4352640,169916,1110380308,138853,525600,1110380308
0,4743029,842763,899493730,566157,525600,899493730
0,925657,33269,185421861,24110,525600,185421861
0,11895,529,819077,90,525600,819077
0,466375,257990,151157759,0,525600,151157759
0,5963273,183199,280739690,288767,525600,280739690
0,1692804,69272,457164532,56179,525600,457164532
0,29116,1975,3045473,154,525600,3045473
0,167979,10024,50403906,8685,525600,50403906
0,671,40,50831,125,525600,50831
0,8494,60,244059,704,525600,244059
0,362647,5622,5790001,20585,525600,5790001
0,2395483,94280,631670849,94715,525600,631670849
0,239018,7365,68246470,5731,525600,68246470
0,4233,198,449314,1170,525600,449314
0,486912,12080,91208062,15511,525600,91208062
0,237537,9461,57922202,11646,525600,57922202
0,249710,6918,47259925,9436,525600,47259925
0,787,141,102447,438,525600,102447
0,1301259,29586,135578757,102116,525600,135578757
0,410141,13120,88729504,24831,525600,88729504
0,1356229,32487,312488114,71140,525600,312488114
0,86766,37345,75737284,2607,525600,75737284
0,203379,12198,87060950,4986,525600,87060950
0,27671,981,2481662,3145,525600,2481662
0,1492734,61302,470426641,51456,525600,470426641
0,76674,2003,10135538,4805,525600,10135538
0,93822,2200,18456378,7454,525600,18456378
0,14645,700,846411,2046,525600,846411
0,4217,89,112510,391,525600,112510
0,47921,7088,6605777,7918,525600,6605777
0,1267210,44599,330836092,51371,525600,330836092
0,164,3,18681,9,525600,18681
0,1025711,43574,243547330,99380,525600,243547330
0,1096887,37121,252251482,45167,525600,252251482
0,307007,6502,25085579,10278,525600,25085579
0,2191229,77186,475532936,38046,525600,475532936
0,68132,3986,16965231,4945,525600,16965231
0,431761,14242,93667609,17805,525600,93667609
0,32549,1808,889799,2497,525600,889799
0,226489,4621,66738037,10823,525600,66738037
0,39235,999,5362138,2094,525600,5362138
0,122,487,20074,687,525600,20074
0,1048723,16028,106038361,74782,525600,106038361
0,717,1111,62515,1575,525600,62515
0,55567,2197,11345377,4216,525600,11345377
0,80312,2818,22457853,10736,525600,22457853
0,493062,23592,122716803,28573,525600,122716803
0,1973623,51954,236907238,136189,525600,236907238
0,1059091,27789,188291075,80867,525600,188291075
0,62339,3234,9593590,6143,525600,9593590
0,418520,22919,89867371,25741,525600,89867371
0,46445,1633,8680544,2080,525600,8680544
0,1115045,40499,205168447,100207,525600,205168447
0,177064,4360,53408235,8354,525600,53408235
0,109602,2683,18607395,7158,525600,18607395
0,257775,11273,94645307,16537,525600,94645307
0,103936,8088,16345486,5844,525600,16345486
0,46445,1633,8680544,2080,525600,8680544
0,866681,26892,244272127,31751,525600,244272127
0,4008114,151112,956936844,188630,525600,956936844
0,362723,6187,34894112,21183,525600,34894112
0,278092,11071,67311279,17381,525600,67311279
0,265557,18632,74115710,7138,525600,74115710
0,275193,7884,37949557,11889,525600,37949557
0,78566,2755,17719045,10044,525600,17719045
0,122,487,20074,687,525600,20074
0,717,1111,62515,1575,525600,62515
0,102248,3457,13365233,4478,525600,13365233
0,346236,7960,102585480,16580,525600,102585480
0,76419,2104,10437908,5402,525600,10437908
0,429868,19205,109504528,17390,525600,109504528
0,106906,3214,9724398,8835,525600,9724398
0,2276830,67802,538166653,56644,525600,538166653
0,1552011,119890,223936904,511952,525600,223936904
0,675124,42438,132408341,69667,525600,132408341
0,339902,7598,10170812,4851,525600,10170812
0,38541,1275,7883131,3785,525600,7883131
0,6270999,480385,976550893,246485,525600,976550893
0,215444,26948,18791532,31860,525600,18791532
0,6065,507,1345308,1305,525600,1345308
0,76909,3336,21175825,8600,525600,21175825
0,610649,12718,35587922,41485,525600,35587922
0,178805,7504,30281494,6152,525600,30281494
0,910789,29234,205838195,30101,525600,205838195
0,268305,7699,51431174,17520,525600,51431174
0,61821,1692,14427126,3439,525600,14427126
0,328932,12366,33893787,11209,525600,33893787
0,81448,3047,16835043,8637,525600,16835043
0,514823,15132,69870885,16567,525600,69870885
0,19214,1375,3840428,1462,525600,3840428
0,2378,188,760374,340,525600,760374
0,551411,16723,56191105,24747,525600,56191105
0,225433,3523,34249956,17744,525600,34249956
0,1939,133,346014,100,525600,346014
0,140760,4554,23573945,4330,525600,23573945
0,1013255,34396,195970494,17269,525600,195970494
0,100171,4267,17403844,5626,525600,17403844
0,323349,6057,41308838,14265,525600,41308838
0,331521,13405,104997706,19882,525600,104997706
0,486775,14918,76398075,32794,525600,76398075
0,841140,18488,66016252,29997,525600,66016252
0,102918,1857,9792018,2852,525600,9792018
0,59584,18939,29716455,2404,525600,29716455
0,331521,13405,104997706,19882,525600,104997706
0,841140,18488,66016252,29997,525600,66016252
0,132280,4678,45449823,10456,525600,45449823
0,408991,14484,108707161,13153,525600,108707161
0,185094,9073,22272350,14037,525600,22272350
0,59517,3278,4903063,9238,525600,4903063
0,71435,1926,17395577,3534,525600,17395577
0,616841,14481,58067380,42355,525600,58067380
0,1328,70,997418,431,525600,997418
0,15043,755,2220493,734,525600,2220493
0,228358,8598,43495997,9646,525600,43495997
0,6727,608,962317,809,525600,962317
0,250491,9046,66995782,11064,525600,66995782
0,98443,3870,17543965,8226,525600,17543965
0,349107,12475,80720102,16121,525600,80720102
0,168144,6483,21518748,10909,525600,21518748
0,247143,3548,21979520,12376,525600,21979520
0,437333,6143,37172625,15098,525600,37172625
0,767,108,1219769,89,525600,1219769
0,191896,89136,34498736,32498,525600,34498736
0,265698,10537,59446474,29246,525600,59446474
0,313277,8336,15718930,13170,525600,15718930
0,1096137,124086,175622867,59267,525600,175622867
0,69864,1184,9716746,1557,525600,9716746
0,591594,17757,135436053,22143,525600,135436053
0,356700,6836,19938581,20710,525600,19938581
0,28237,716,5723809,3460,525600,5723809
0,555944,9801,64920617,18031,525600,64920617
0,81872,3151,22979913,111,525600,22979913
0,465667,10419,52009414,18379,525600,52009414
0,275022,11956,69762175,12123,525600,69762175
0,216709,5619,51155891,7382,525600,51155891
0,756491,41211,170897424,29768,525600,170897424
0,270344,2105,7827937,14730,525600,7827937
0,143453,3757,8312611,3425,525600,8312611
0,289823,34966,67639097,42542,525600,67639097
0,310781,8395,57234567,11451,525600,57234567
0,915182,27656,167766073,127252,525600,167766073
0,155038,4874,15007764,5432,525600,15007764
0,91777,3861,26666105,8933,525600,26666105
0,226094,8562,51634003,12854,525600,51634003
0,3625,336,4325421,204,525600,4325421
0,149984,5237,52712925,6967,525600,52712925
0,255114,5658,39917228,18116,525600,39917228
0,579622,22433,138086270,34785,525600,138086270
0,327974,9130,44673811,24054,525600,44673811
0,172850,7478,31624106,8002,525600,31624106
0,136852,96453,27780537,36012,525600,27780537
0,77531,2075,5532916,6210,525600,5532916
0,241,41,86280,25,525600,86280
0,15007,424,1326324,1072,525600,1326324
0,30429,661,2440097,1502,525600,2440097
0,3137,442,1207510,140,525600,1207510
0,5717,407,1628657,670,525600,1628657
0,594636,10228,49510834,16049,525600,49510834
0,147112,2808,16671099,3619,525600,16671099
0,3644,1457,2509973,458,525600,2509973
0,214668,6777,50467565,6620,525600,50467565
0,3996,274,7573604,218,525600,7573604
0,2415,59,207439,173,525600,207439
0,39651,1451,6116352,4054,525600,6116352
0,308843,7054,33646566,19108,525600,33646566
0,14913,433,3980845,2205,525600,3980845
0,204885,3567,9247189,17606,525600,9247189
0,6107,487,1923688,658,525600,1923688
0,512618,9736,60223761,4609,525600,60223761
0,374225,18518,62465960,9729,525600,62465960
0,103526,1703,11763667,19232,525600,11763667
0,449970,15755,108096476,31367,525600,108096476
0,596054,15601,201474023,35302,525600,201474023
0,168917,2523,7541239,2867,525600,7541239
0,863,50,196906,166,525600,196906
0,7082,108,1111774,276,525600,1111774
0,9903,135,692376,1038,525600,692376
0,273,129,195813,4,525600,195813
0,183203,5752,26098485,17949,525600,26098485
0,85058,3545,14230001,2488,525600,14230001
0,1291,31,56815,262,525600,56815
0,325606,21524,36580296,24474,525600,36580296
0,365262,16167,120569661,24134,525600,120569661
0,949,66,66729,193,525600,66729
0,251037,6002,33929384,17119,525600,33929384
0,946,272,256553,19,525600,256553
0,78121,2252,14466513,6997,525600,14466513
0,330555,8027,51460430,22415,525600,51460430
0,25,6,12352,8,525600,12352
0,22827,1242,5907172,3369,525600,5907172
0,843928,8605,24369697,38813,525600,24369697
0,45856,2270,4834169,5903,525600,4834169
0,77418,1554,3463553,6536,525600,3463553
0,45856,2270,4834169,5903,525600,4834169
0,85185,6535,12565755,4551,525600,12565755
0,380160,25393,69057271,27019,525600,69057271
0,160069,10819,17907428,14514,525600,17907428
0,1291,31,56815,262,525600,56815
0,82705,2567,10619438,14771,525600,10619438
0,135153,4611,20869863,5471,525600,20869863
0,642,34,154068,25,525600,154068
0,120578,1666,22960044,10469,525600,22960044
0,16847,1637,2640169,1126,525600,2640169
0,23600,619,7261595,2689,525600,7261595
0,305255,12222,38667903,52190,525600,38667903
0,34124,1379,8353791,3193,525600,8353791
0,150383,6212,30707452,11404,525600,30707452
0,29653,2388,17345099,2350,525600,17345099
0,174127,7624,22494582,11023,525600,22494582
0,305,104,149897,28,525600,149897
0,4895,1411,1858634,3263,525600,1858634
0,2203,851,2029045,170,525600,2029045
0,25458,1107,22726319,446,525600,22726319
0,428,34,164816,88,525600,164816
0,1934,737,1211966,92,525600,1211966
0,40,1,18223,7,525600,18223
0,1096,546,1710805,55,525600,1710805
0,334,129,37497278,48,525600,37497278
0,80,2,11155,5,525600,11155
0,208,10,253672,5,525600,253672
0,135,26,73837,74,525600,73837
0,131,22,54818,10,525600,54818
0,119955,7530,15834213,6226,525600,15834213
0,458,20,139765,129,525600,139765
0,431,8,210124,92,525600,210124
0,1528,54,308499,127,525600,308499
0,663,22,197212,135,525600,197212
0,119955,7530,15834213,6226,525600,15834213
0,14,0,53535,0,525600,53535
0,428,34,164816,88,525600,164816
0,178,17,114700,43,525600,114700
0,358,12,61638,47,525600,61638
0,29,2,745,0,525600,745
0,3164,56,1962983,288,525600,1962983
0,214,8,87961,16,525600,87961
0,2437,40,489836,59,525600,489836
0,5629,37,176373,437,525600,176373
0,1318,69,303584,53,525600,303584
0,73,2,50772,8,525600,50772
0,7968,247,792757,782,525600,792757
0,132,17,50662,6,525600,50662
0,6114,135,791889,731,525600,791889
0,73369,860,2702266,4966,525600,2702266
0,48,5,75376,2,525600,75376
0,48,0,10833,3,525600,10833
0,71,11,16156,7,525600,16156
0,4192,624,4894327,1567,525600,4894327
0,14790,4916,11882303,1406,525600,11882303
0,299836,56441,49961700,25772,525600,49961700
0,299836,56441,49961700,25772,525600,49961700
0,3460903,213339,281264563,183448,525600,281264563
0,2169534,210682,240196357,112959,525600,240196357
0,1347,26,16924,141,525600,16924
0,197,54,70247,40,525600,70247
0,2772,95,37751,313,525600,37751
0,5351,728,944697,247,525600,944697
0,779415,12014,40755315,22747,525600,40755315
0,88213,2336,1102653,4490,525600,1102653
0,659318,138771,173443750,71786,525600,173443750
0,5881987,578666,830961403,373308,525600,830961403
0,341014,55197,19136245,27890,525600,19136245
0,6945508,456856,1037092755,280819,525600,1037092755
0,228,9,11886,22,525600,11886
0,1469388,35739,120083448,78451,525600,120083448
0,15668,1110,1670354,660,525600,1670354
0,31445,334,240371,6035,525600,240371
0,341571,16095,17093314,11650,525600,17093314
0,1328696,131460,54641826,99121,525600,54641826
0,39,4,4121,6,525600,4121
0,136,5,5891,12,525600,5891
0,574,47,56283,53,525600,56283
0,422,3,4215,71,525600,4215
0,2539,147,56678,208,525600,56678
0,1582494,109815,427952052,66418,525600,427952052
0,6855,321,799556,706,525600,799556
0,980509,81239,482955968,28256,525600,482955968
0,2459094,161756,358710647,85170,525600,358710647
0,107239,3660,7349408,12628,525600,7349408
0,201918,14846,29387331,5373,525600,29387331
0,1976,194,35461,468,525600,35461
0,62,0,7569,4,525600,7569
0,41040,5294,2690497,2745,525600,2690497
0,1434489,140783,122816933,118649,525600,122816933
0,53,5,6218,9,525600,6218
0,4610586,283078,620577413,251982,525600,620577413
0,317482,11745,36523752,9651,525600,36523752
0,147305,5755,5535608,7902,525600,5535608
0,568145,29594,40354000,23773,525600,40354000
0,145751,6134,17475538,5917,525600,17475538
0,366050,8112,19431259,9623,525600,19431259
0,73020,1958,3354325,8346,525600,3354325
0,244272,34099,35600232,10718,525600,35600232
0,3024,734,2097351,955,525600,2097351
0,211082,12097,31737749,4453,525600,31737749
0,1424863,120514,170856466,93496,525600,170856466
0,14367,467,500435,1200,525600,500435
0,2853,254,262553,376,525600,262553
0,326592,9891,65099726,3543,525600,65099726
0,3441,155,205696,282,525600,205696
0,16808,214,224028,1205,525600,224028
0,83874,4701,6528163,2289,525600,6528163
0,140164,6670,16834686,6172,525600,16834686
0,1785688,109460,93385825,135619,525600,93385825
0,15238385,635221,2454285372,569933,525600,2454285372
0,1312,29,46204,102,525600,46204
0,152,11,16424,30,525600,16424
0,165244,2410,8053879,2067,525600,8053879
0,1470,39,36987,143,525600,36987
0,17050,1020,8079467,1114,525600,8079467
0,4939,220,253630,101,525600,253630
0,110941,8834,25560257,9563,525600,25560257
0,12389718,772958,1613464364,466831,525600,1613464364
0,7123,388,839076,211,525600,839076
0,5563,112,187631,996,525600,187631
0,62,4,8314,0,525600,8314
0,2537113,102522,356067707,75717,525600,356067707
0,1693,22,94966,12,525600,94966
0,52801,3337,9245757,1659,525600,9245757
0,724,39,60910,1,525600,60910
0,1179903,79490,106308850,69297,525600,106308850
0,364,79,20760,135,525600,20760
0,120,1,623,1,525600,623
0,2276951,139915,378596178,76550,525600,378596178
0,926601,58494,134220767,30993,525600,134220767
0,612741,34230,33294653,36468,525600,33294653
0,223,8,10383,21,525600,10383
0,8448,468,876897,97,525600,876897
0,48076,1880,2192082,1807,525600,2192082
0,730970,38725,66359655,33292,525600,66359655
0,238,17,6984,29,525600,6984
0,586,9,11712,69,525600,11712
0,22027,518,1046122,2125,525600,1046122
0,4096,123,336305,37,525600,336305
0,273,0,2894,19,525600,2894
0,513,72,67010,109,525600,67010
0,20637,705,3601314,944,525600,3601314
0,168,0,4395,13,525600,4395
0,1570768,83015,171487206,72044,525600,171487206
0,45621,1483,3024407,3503,525600,3024407
0,624247,38350,73556552,28375,525600,73556552
0,11042,181,291459,659,525600,291459
0,29810,1345,10219657,3212,525600,10219657
0,1281408,37544,38455417,60840,525600,38455417
0,133754,6849,36355336,6225,525600,36355336
0,1101,469,171567,389,525600,171567
0,27284,563,3128487,1766,525600,3128487
0,549,5,7548,97,525600,7548
0,12367,482,5189577,427,525600,5189577
0,685488,34109,201742689,26842,525600,201742689
0,2228,119,206216,260,525600,206216
0,200,4,8554,14,525600,8554
0,139,71,7998,15,525600,7998
0,17954,689,4395995,1564,525600,4395995
0,19322,228,202887,2254,525600,202887
0,5318,183,69207,871,525600,69207
0,24349,2870,661749,11984,525600,661749
0,467,30,18319,64,525600,18319
0,430018,54075,56170287,22165,525600,56170287
0,1006,58,31815,179,525600,31815
0,1016469,22915,36049196,33868,525600,36049196
0,10353,289,557312,675,525600,557312
0,864459,46209,123869088,21551,525600,123869088
0,367,26,32703,129,525600,32703
0,252986,10960,29566427,7177,525600,29566427
0,37964,1635,3841130,912,525600,3841130
0,498,26,19123,78,525600,19123
0,43363,2767,3253065,40183,525600,3253065
0,91215,1591,6128084,2332,525600,6128084
0,45,5,7960,21,525600,7960
0,24873,412,787482,758,525600,787482
0,1623,255,133355,1099,525600,133355
0,11909,775,1410647,113,525600,1410647
0,10,0,603,0,525600,603
0,279563,15445,36914701,12958,525600,36914701
0,39039,1207,2730471,1595,525600,2730471
0,187534,4421,12396619,3767,525600,12396619
0,3376,101,115924,482,525600,115924
0,17725,1329,3097148,1639,525600,3097148
0,13414,3760,4911626,955,525600,4911626
0,3980,230,2791315,185,525600,2791315
0,4104,215,572667,158,525600,572667
0,93958,1925,3729756,2421,525600,3729756
0,249847,49018,12140109,46541,525600,12140109
0,192,14,7268,52,525600,7268
0,96,12,4843,16,525600,4843
0,821751,23370,46758689,23840,525600,46758689
0,4425754,303765,561763196,245854,525600,561763196
0,209944,9387,29366246,5334,525600,29366246
0,184,5,3989,30,525600,3989
0,791076,44843,76625862,34593,525600,76625862
0,3534,170,185090,94,525600,185090
0,20033,1326,1452963,2710,525600,1452963
0,256913,9757,12134855,7915,525600,12134855
0,7373,315,261791,345,525600,261791
0,1702,8,13010,560,525600,13010
0,1152727,92193,215585730,97927,525600,215585730
0,14197,1193,1127390,1476,525600,1127390
0,2125,43,284645,130,525600,284645
0,81918,1111,3818909,5682,525600,3818909
0,14617,1806,5018478,1819,525600,5018478
0,84,23,11195,10,525600,11195
0,309567,3042,21276761,15969,525600,21276761
0,102954,2516,5534746,2814,525600,5534746
0,12458,609,2131371,1826,525600,2131371
0,44948,2091,671599,5565,525600,671599
0,170739,7268,18608207,5682,525600,18608207
0,270504,9940,30179277,10691,525600,30179277
0,147088,4537,8464410,6585,525600,8464410
0,420664,16744,51462565,11419,525600,51462565
0,169482,9455,30518646,3764,525600,30518646
0,140190,5589,20784463,6343,525600,20784463
0,164,50,15735,146,525600,15735
0,194788,3684,11638122,3362,525600,11638122
0,34945,5255,10121625,876,525600,10121625
0,922268,85522,375628981,42890,525600,375628981
0,370414,18770,23104119,33864,525600,23104119
0,214125,2853,13257739,3349,525600,13257739
0,887560,44003,100041104,30339,525600,100041104
0,22540,374,2574736,2227,525600,2574736
0,8523,464,5668800,391,525600,5668800
0,10532,807,919537,2668,525600,919537
0,125842,6743,16648501,4885,525600,16648501
0,738,5,23707,120,525600,23707
0,11782,328,1107802,335,525600,1107802
0,1006965,46685,67301759,58005,525600,67301759
0,68136,1488,8411161,5041,525600,8411161
0,26783,6628,6011662,10445,525600,6011662
0,787416,54848,67955140,42890,525600,67955140
0,89059,4400,3632971,9839,525600,3632971
0,8411,290,117686,393,525600,117686
0,474858,27842,52759931,14228,525600,52759931
0,34364,1488,8996085,3078,525600,8996085
0,2850,36,151365,7,525600,151365
0,495047,29344,82233499,14135,525600,82233499
0,28166,643,8290620,1866,525600,8290620
0,83,6,14356,9,525600,14356
0,21093,400,661150,3398,525600,661150
0,3248,109,286296,125,525600,286296
0,69233,10157,5223476,4574,525600,5223476
0,16774,200,237270,974,525600,237270
0,583153,151612,16872809,65582,525600,16872809
0,18309,776,3958886,2332,525600,3958886
0,33967,1198,5323092,1343,525600,5323092
0,474822,6991,7495465,22325,525600,7495465
0,474858,27842,52759931,14228,525600,52759931
0,64,1,9147,0,525600,9147
0,55,23,62815,2,525600,62815
0,887560,44003,100041104,30339,525600,100041104
0,426,16,18007,48,525600,18007
0,12,1,17480,6,525600,17480
0,4422,576,897048,920,525600,897048
0,194788,3684,11638122,3362,525600,11638122
0,1006965,46685,67301759,58005,525600,67301759
0,16774,200,237270,974,525600,237270
0,26783,6628,6011662,10445,525600,6011662
0,69233,10157,5223476,4574,525600,5223476
0,10532,807,919537,2668,525600,919537
0,89059,4400,3632971,9839,525600,3632971
0,1712,52,91817,165,525600,91817
0,20585,1062,3375998,1051,525600,3375998
0,939,64,313131,25,525600,313131
0,33967,1198,5323092,1343,525600,5323092
0,24538,2915,810303,3766,525600,810303
0,1448,16,88864,131,525600,88864
0,69,5,29902,8,525600,29902
0,577721,44445,239494854,21301,525600,239494854
0,370414,18770,23104119,33864,525600,23104119
0,583153,151612,16872809,65582,525600,16872809
0,196,20,14826,22,525600,14826
0,1423559,136554,318775163,166437,525600,318775163
0,1123,40,73210,66,525600,73210
0,27761,324,2192921,525,525600,2192921
0,30,2,663,0,525600,663
0,18309,776,3958886,2332,525600,3958886
0,46,8,15910,1,525600,15910
0,4,0,3688,2,525600,3688
0,69,13,29735,43,525600,29735
0,107847,2265,5949038,4081,525600,5949038
0,114565,5419,27821882,4257,525600,27821882
0,4220,111,1000481,313,525600,1000481
0,34364,1488,8996085,3078,525600,8996085
0,2,0,179,0,525600,179
0,272,27,14381,56,525600,14381
0,180813,4150,11325863,9062,525600,11325863
0,157942,9621,31414219,2654,525600,31414219
0,394999,4373,16501006,7272,525600,16501006
0,1186,263,225456,92,525600,225456
0,126545,5698,8034233,8657,525600,8034233
0,14,3,16656,0,525600,16656
0,365698,9096,19297171,15532,525600,19297171
0,15382,1541,1975447,2923,525600,1975447
0,25494,807,3878772,1573,525600,3878772
0,426,16,18007,48,525600,18007
0,12008,188,702604,929,525600,702604
0,11154,2529,6769061,891,525600,6769061
0,24211,1764,4587806,2457,525600,4587806
0,1186,263,225456,92,525600,225456
0,269933,2507,10815812,9985,525600,10815812
0,442213,5388,23315882,18961,525600,23315882
0,60840,2526,11843172,4520,525600,11843172
0,939,64,313131,25,525600,313131
0,117394,11839,28000989,3553,525600,28000989
0,244240,3075,16391938,3315,525600,16391938
0,345784,6123,27508709,13194,525600,27508709
0,26395,1202,1094584,820,525600,1094584
0,262184,5520,23762624,22075,525600,23762624
0,4422,576,897048,920,525600,897048
0,228080,1436,11384339,2290,525600,11384339
0,78922,2339,12675352,3156,525600,12675352
0,1448,16,88864,131,525600,88864
0,69,5,29902,8,525600,29902
0,63877,1474,11567793,1485,525600,11567793
0,157942,9621,31414219,2654,525600,31414219
0,8944,327,1029093,590,525600,1029093
0,302152,12650,26779541,9384,525600,26779541
0,1123,40,73210,66,525600,73210
0,42854,2040,4663747,1978,525600,4663747
0,221285,4173,19844008,9937,525600,19844008
0,7663,237,1722177,418,525600,1722177
0,243780,5417,21536986,9219,525600,21536986
0,154810,7185,27001523,6704,525600,27001523
0,83522,1961,17006646,3026,525600,17006646
0,74565,1348,8545933,6170,525600,8545933
0,46,8,15910,1,525600,15910
0,8486,2411,3280420,587,525600,3280420
0,100998,3939,15930340,3972,525600,15930340
0,4,0,3688,2,525600,3688
0,69,13,29735,43,525600,29735
0,2,0,179,0,525600,179
0,126111,5848,21301561,8735,525600,21301561
0,74030,5601,24923663,9866,525600,24923663
0,2339,225,554453,211,525600,554453
0,257900,8323,37999450,2289,525600,37999450
0,272,27,14381,56,525600,14381
0,75064,596,1964900,3282,525600,1964900
0,106870,2691,14333401,6821,525600,14333401
0,11033,512,3117889,795,525600,3117889
0,32766,1118,4785783,3113,525600,4785783
0,14,3,16656,0,525600,16656
0,14,3,16656,0,525600,16656
0,770,8,64230,52,525600,64230
0,147,2,17207,7,525600,17207
0,75064,596,1964900,3282,525600,1964900
0,34263,1078,5752033,2230,525600,5752033
0,7633,496,1735333,518,525600,1735333
0,43961,827,6629065,2980,525600,6629065
0,4620,209,691367,748,525600,691367
0,18029,980,2961141,1076,525600,2961141
0,85,3,22157,14,525600,22157
0,9299,340,1458394,419,525600,1458394
0,10200,421,3678423,802,525600,3678423
0,897659,63512,140689883,32018,525600,140689883
0,5256,212,696432,467,525600,696432
0,2831,140,1235682,428,525600,1235682
0,9856,1850,1155946,2359,525600,1155946
0,12632,195,1413017,1210,525600,1413017
0,172,6,68402,69,525600,68402
0,22,6,134111,9,525600,134111
0,2707,464,907585,105,525600,907585
0,22,3,50780,6,525600,50780
0,504361,6772,18165693,24902,525600,18165693
0,9848,359,2857150,921,525600,2857150
0,306,3,13561,29,525600,13561
0,19,10,15747,2,525600,15747
0,5,0,257,0,525600,257
0,59321,2682,11578712,10505,525600,11578712
0,85,8,139049,98,525600,139049
0,134531,6558,21769199,7012,525600,21769199
0,107,5,149979,7,525600,149979
0,47259,1411,5558785,3547,525600,5558785
0,74701,2904,4816606,5593,525600,4816606
0,972,16,382845,36,525600,382845
0,278842,2994,10070415,15285,525600,10070415
0,5333,814,1717718,1590,525600,1717718
0,15,2,9912,6,525600,9912
0,5432,146,621646,207,525600,621646
0,159,3,59262,8,525600,59262
0,2562,194,317734,185,525600,317734
0,10104,83,197529,554,525600,197529
0,61342,2100,5867893,3795,525600,5867893
0,13,7,445103,2,525600,445103
0,11324,219,2568558,1375,525600,2568558
0,72656,9819,22109542,8843,525600,22109542
0,822,91,824635,169,525600,824635
0,101055,9820,17933814,712,525600,17933814
0,76,51,80458,5,525600,80458
0,163,61,103091,26,525600,103091
0,90551,2775,5551698,28225,525600,5551698
0,58393,1356,2135023,12354,525600,2135023
0,512,84,151713,59,525600,151713
0,22,5,14927,2,525600,14927
0,5,0,740,0,525600,740
0,42578,757,2510725,2420,525600,2510725
0,63,14,25742,2,525600,25742
0,1314,262,449397,125,525600,449397
0,33262,695,1420052,4872,525600,1420052
0,21,19,23085,7,525600,23085
0,108740,7462,21547455,1666,525600,21547455
0,19957,1155,810512,4170,525600,810512
0,12,4,9012,3,525600,9012
0,4,2,3990,1,525600,3990
0,7,4,9394,0,525600,9394
0,19,12,11666,1,525600,11666
0,672,133,203641,66,525600,203641
0,2,2,1697,1,525600,1697
0,149,47,85867,3,525600,85867
0,2,1,568,0,525600,568
0,19,7,12671,2,525600,12671
0,31,7,10916,2,525600,10916
0,65,12,22602,4,525600,22602
0,1365,231,801369,86,525600,801369
0,31,1,11346,3,525600,11346
0,1188,345,539224,150,525600,539224
0,10,4,1422,2,525600,1422
0,6392,1101,2927903,500,525600,2927903
0,7640,1437,3643477,504,525600,3643477
0,72656,9819,22109542,8843,525600,22109542
0,822,91,824635,169,525600,824635
0,76,51,80458,5,525600,80458
0,101055,9820,17933814,712,525600,17933814
0,163,61,103091,26,525600,103091
0,90551,2775,5551698,28225,525600,5551698
0,58393,1356,2135023,12354,525600,2135023
0,512,84,151713,59,525600,151713
0,22,5,14927,2,525600,14927
0,5,0,740,0,525600,740
0,63,14,25742,2,525600,25742
0,42578,757,2510725,2420,525600,2510725
0,1314,262,449397,125,525600,449397
0,33262,695,1420052,4872,525600,1420052
0,21,19,23085,7,525600,23085
0,108740,7462,21547455,1666,525600,21547455
0,12,4,9012,3,525600,9012
0,4,2,3990,1,525600,3990
0,19957,1155,810512,4170,525600,810512
0,7,4,9394,0,525600,9394
0,19,12,11666,1,525600,11666
0,672,133,203641,66,525600,203641
0,2,2,1697,1,525600,1697
0,149,47,85867,3,525600,85867
0,2,1,568,0,525600,568
0,19,7,12671,2,525600,12671
0,31,7,10916,2,525600,10916
0,65,12,22602,4,525600,22602
0,1365,231,801369,86,525600,801369
0,31,1,11346,3,525600,11346
0,1188,345,539224,150,525600,539224
0,10,4,1422,2,525600,1422
0,6392,1101,2927903,500,525600,2927903
0,7640,1437,3643477,504,525600,3643477
0,4285,81,90736,210,525600,90736
0,71807,2644,1754237,3483,525600,1754237
0,2506,93,240998,568,525600,240998
0,6,2,349,2,525600,349
0,20289,2031,2793146,68,525600,2793146
0,190159,54574,82948124,221,525600,82948124
0,18332,2150,3205924,79,525600,3205924
0,739793,55811,144919713,43308,525600,144919713
0,50,3,5932,2,525600,5932
0,591500,44318,114030209,29185,525600,114030209
0,41630,10659,21291529,177,525600,21291529
0,60680,18633,29824633,180,525600,29824633
0,430086,96615,205632823,11383,525600,205632823
0,4402,218,668179,41,525600,668179
0,1412,72,80555,110,525600,80555
0,88,21,24384,19,525600,24384
0,1054310,161248,228451269,49846,525600,228451269
0,290,32,36715,36,525600,36715
0,19297,465,710595,1582,525600,710595
0,71661,6850,9032443,2058,525600,9032443
0,36427,1591,1953668,1482,525600,1953668
0,9054,773,1529622,237,525600,1529622
0,58,2,1279,0,525600,1279
0,6020,148,137129,1876,525600,137129
0,129436,5978,19716989,5847,525600,19716989
0,107586,13253,12460287,33044,525600,12460287
0,30409,7232,11579595,328,525600,11579595
0,14490,641,1614507,57,525600,1614507
0,86,7,7102,4,525600,7102
0,49958,5797,7725754,272,525600,7725754
0,21581,2501,4834738,178,525600,4834738
0,35014,4873,20916842,2375,525600,20916842
0,23062,1134,903021,1816,525600,903021
0,4226,260,110057,413,525600,110057
0,6422,404,894675,58,525600,894675
0,31139,4618,4252180,172,525600,4252180
0,3907,116,279374,688,525600,279374
0,212,13,5730,34,525600,5730
0,1724,39,22014,156,525600,22014
0,13025,1069,1697473,128,525600,1697473
0,63131,5956,15109646,269,525600,15109646
0,8375,1008,1032942,83,525600,1032942
0,1848,71,116238,86,525600,116238
0,22,1,2586,3,525600,2586
0,28091,4442,9080686,105,525600,9080686
0,96,8,6311,3,525600,6311
0,468,24,13746,161,525600,13746
0,56211,9172,12505299,122,525600,12505299
0,84,32,27286,25,525600,27286
0,7342,218,692645,354,525600,692645
0,29,2,1010,2,525600,1010
0,89,6,15359,4,525600,15359
0,1537,67,63154,30,525600,63154
0,22,1,2586,3,525600,2586
0,238,30,4858,111,525600,4858
0,3413,294,265343,1048,525600,265343
0,1094,30,43939,139,525600,43939
0,34434,3161,4550169,201,525600,4550169
0,2548,64,45633,595,525600,45633
0,150,11,10452,12,525600,10452
0,340,13,25984,84,525600,25984
0,5731,305,856605,43,525600,856605
0,5,0,150,0,525600,150
0,1305,17,13403,134,525600,13403
0,244,52,32394,130,525600,32394
0,230,2,5315,32,525600,5315
0,14060,130,324722,316,525600,324722
0,1037,26,56389,89,525600,56389
0,73,5,13926,11,525600,13926
0,411,39,46862,31,525600,46862
0,124,56,41950,78,525600,41950
0,18845,2806,6086130,217,525600,6086130
0,535374,24393,87792980,37401,525600,87792980
0,51,8,4633,22,525600,4633
0,2202816,1263516,580797810,13622,525600,580797810
0,24670,514,701105,1701,525600,701105
0,493,42,83696,254,525600,83696
0,1167,16,29423,62,525600,29423
0,11840,6565,21895315,264,525600,21895315
0,879,34,59500,160,525600,59500
0,37159,3916,8368198,260,525600,8368198
0,475,40,39619,58,525600,39619
0,129,26,15829,24,525600,15829
0,206,156,49033,172,525600,49033
0,1724,65,79188,215,525600,79188
0,61901,3802,5433508,10747,525600,5433508
0,2876,16,18120,220,525600,18120
0,382,14,47183,32,525600,47183
0,23340,474,1313528,1510,525600,1313528
0,78,3,11684,19,525600,11684
0,283274,22976,48634060,30020,525600,48634060
0,18867,2346,2951674,163,525600,2951674
0,14276,1453,152282,1160,525600,152282
0,495,23,17405,197,525600,17405
0,62224,9355,14365694,174,525600,14365694
0,303953,10217,43489047,5783,525600,43489047
0,26569,894,1223003,715,525600,1223003
0,30,7,7213,1,525600,7213
0,94700,3321,10258552,2872,525600,10258552
0,259,36,52208,65,525600,52208
0,4058,1286,1078643,186,525600,1078643
0,12682,74,144577,722,525600,144577
0,185667,13041,18293086,6796,525600,18293086
0,19930,1833,2146909,57,525600,2146909
0,91447,14417,26437979,2649,525600,26437979
0,235094,8931,71089081,27126,525600,71089081
0,337,6,6269,128,525600,6269
0,50315,2605,10469860,1946,525600,10469860
0,141261,8878,5922057,5029,525600,5922057
0,22221,2873,3425034,6106,525600,3425034
0,23383,1006,644687,1428,525600,644687
0,70561,9113,8569060,241,525600,8569060
0,110,29,27867,53,525600,27867
0,1723,13,41954,207,525600,41954
0,480,40,8067,168,525600,8067
0,2672,107,103836,542,525600,103836
0,521,2,6140,60,525600,6140
0,814,34,44855,147,525600,44855
0,221944,8091,28050682,3781,525600,28050682
0,192822,5825,10484184,8847,525600,10484184
0,352,47,45082,80,525600,45082
0,223,27,58648,38,525600,58648
0,190,4,7888,13,525600,7888
0,349,90,32753,781,525600,32753
0,8788,2128,2539508,109,525600,2539508
0,16451,2318,923608,827,525600,923608
0,40842,4901,4053781,10256,525600,4053781
0,43857,6996,33232390,4734,525600,33232390
0,1619,286,48231,1296,525600,48231
0,75925,1171,4346890,2318,525600,4346890
0,268435,12024,46802433,6987,525600,46802433
0,484544,16769,79995823,20519,525600,79995823
0,83,4,1089,8,525600,1089
0,41259,1597,4064013,1556,525600,4064013
0,367,23,19297,84,525600,19297
0,12122,4874,1299242,4407,525600,1299242
0,872,19,18568,123,525600,18568
0,48909,4618,15621644,1857,525600,15621644
0,12779,1336,2128941,127,525600,2128941
0,215697,19014,20662760,8064,525600,20662760
0,448,15,141524,14,525600,141524
0,1505,170,122965,349,525600,122965
0,53395,1739,2119535,1769,525600,2119535
0,23374,1566,10132741,1648,525600,10132741
0,7631,73,166925,286,525600,166925
0,830,44,179557,87,525600,179557
0,61647,1961,4628576,2296,525600,4628576
0,83816,8579,2546774,16386,525600,2546774
0,921,616,308870,658,525600,308870
0,11048,1181,1645230,3427,525600,1645230
0,113,52,37227,64,525600,37227
0,2805994,57634,356470096,104666,525600,356470096
0,23,1,301,0,525600,301
0,353871,16806,17981616,9917,525600,17981616
0,772,11,18198,47,525600,18198
0,135848,2997,9192660,7702,525600,9192660
0,10263,200,1282910,779,525600,1282910
0,45613,706,2096136,2830,525600,2096136
0,18988,5694,1234686,7367,525600,1234686
0,296114,18115,38818116,6987,525600,38818116
0,74,10,6360,15,525600,6360
0,15675,604,1085044,859,525600,1085044
0,5753,237,565494,522,525600,565494
0,98580,2738,15480530,850,525600,15480530
0,4425753,303765,561763196,245854,525600,561763196
0,403,7,10342,32,525600,10342
0,14588,562,1177925,878,525600,1177925
0,9266,311,302641,1029,525600,302641
0,66028,3305,6655698,2335,525600,6655698
0,3,0,51,1,525600,51
0,31988,1167,1470126,2561,525600,1470126
0,121,6,3805,5,525600,3805
0,267697,15211,12774908,2603,525600,12774908
0,34,3,3966,1,525600,3966
0,15790,268,487511,688,525600,487511
0,66911,2579,9510929,9458,525600,9510929
0,26,1,3564,0,525600,3564
0,265297,11882,31314644,10427,525600,31314644
0,18077,5226,7174741,1157,525600,7174741
0,23691,852,2166185,797,525600,2166185
0,254752,9070,48186685,7569,525600,48186685
0,2453635,64959,572429914,43421,525600,572429914
0,2444,19,189667,111,525600,189667
0,74152,2212,11649931,2736,525600,11649931
0,137652,1623,16613937,4688,525600,16613937
0,206730,9706,11136477,1359,525600,11136477
0,183034,5560,44260736,4263,525600,44260736
0,6350,952,523632,867,525600,523632
0,8018,244,2122290,579,525600,2122290
0,25099,380,2358059,1011,525600,2358059
0,324087,20519,77772615,13070,525600,77772615
0,15202,1258,1246992,1266,525600,1246992
0,8837,541,330591,855,525600,330591
0,586132,20821,125502606,5635,525600,125502606
0,471233,26037,94351184,11554,525600,94351184
0,60286,2114,2065802,4891,525600,2065802
0,60092,1034,2123689,3516,525600,2123689
0,772,22,72365,112,525600,72365
0,2318,136,464347,237,525600,464347
0,67772,1671,3805169,4301,525600,3805169
0,1705,148,87513,28,525600,87513
0,1092,109,80184,240,525600,80184
0,15148,608,3284489,603,525600,3284489
0,1717,27,128959,63,525600,128959
0,215033,16178,59250249,2967,525600,59250249
0,7357,297,589059,959,525600,589059
0,27734,217,1212619,1984,525600,1212619
0,13759,523,2485260,1192,525600,2485260
0,45827,2659,13980712,1664,525600,13980712
0,4939,320,95281,1217,525600,95281
0,493,16,246538,58,525600,246538
0,1304,57,86789,317,525600,86789
0,447896,28882,93960089,30941,525600,93960089
0,60910,11491,21382150,1429,525600,21382150
0,46678,1914,9418189,1218,525600,9418189
0,25655,1820,5437694,1550,525600,5437694
0,407621,58525,122755035,24411,525600,122755035
0,13076,1446,8339467,2291,525600,8339467
0,73870,2193,10077756,4873,525600,10077756
0,63347,2221,18686358,3041,525600,18686358
0,190453,6843,49378469,675,525600,49378469
0,42453,1834,5465901,7681,525600,5465901
0,19411,643,8054654,746,525600,8054654
0,1955,49,397971,334,525600,397971
0,8,0,16453,1,525600,16453
0,3636,134,645529,265,525600,645529
0,226333,5389,23982429,16005,525600,23982429
0,62133,2869,2401725,2623,525600,2401725
0,43783,5348,8977426,1850,525600,8977426
0,1513,376,102564,370,525600,102564
0,15235,4378,2413555,23714,525600,2413555
0,14254,195,1844789,1019,525600,1844789
0,45356,481,5283740,2720,525600,5283740
0,17504,902,2429536,780,525600,2429536
0,41029,1421,5695440,6706,525600,5695440
0,4611,211,779042,408,525600,779042
0,110114,7077,37307660,20298,525600,37307660
0,11430,209,2333595,268,525600,2333595
0,524,14,63574,32,525600,63574
0,6547,66,729968,350,525600,729968
0,9399,115,1044258,617,525600,1044258
0,33402,556,3868102,536,525600,3868102
0,4731,104,289700,635,525600,289700
0,119525,3264,11725859,4867,525600,11725859
0,150,29,66149,1,525600,66149
0,57603,1602,7302629,266,525600,7302629
0,61283,3857,18330673,3381,525600,18330673
0,321708,6036,28401350,17241,525600,28401350
0,18,6,12564,4,525600,12564
0,13659,798,2916115,552,525600,2916115
0,29903,442,3348134,1528,525600,3348134
0,42648,1525,10431538,1204,525600,10431538
0,22328,1559,1183226,1558,525600,1183226
0,6562,124,3102874,293,525600,3102874
0,27280,1225,6724632,1406,525600,6724632
0,1934615,89521,448992719,105954,525600,448992719
0,130949,78913,135604219,9363,525600,135604219
0,200981,3950,28259643,5275,525600,28259643
0,30861,1104,4307138,818,525600,4307138
0,9916,202,2452505,741,525600,2452505
0,8807,339,1985172,389,525600,1985172
0,31572,486,2630303,834,525600,2630303
0,3862,7205,1021312,2317,525600,1021312
0,35059,1124,10990392,1724,525600,10990392
0,210885,8445,41991706,10293,525600,41991706
0,4386,113,1013914,385,525600,1013914
0,1208,57,290677,104,525600,290677
0,100,6,23706,6,525600,23706
0,64066,3088,11517759,7522,525600,11517759
0,241797,26886,35254738,32735,525600,35254738
0,9599,1794,864590,830,525600,864590
0,142638,6192,15262793,3237,525600,15262793
0,51169,1488,13816661,2893,525600,13816661
0,3395,85,253904,422,525600,253904
0,488276,11825,52682719,22253,525600,52682719
0,16929,4381,11539402,1955,525600,11539402
0,9605,154,898675,610,525600,898675
0,25584,1572,7741791,2076,525600,7741791
0,22170,417,3016259,1555,525600,3016259
0,27075,16769,16418344,1140,525600,16418344
0,31,4,18734,0,525600,18734
0,7,9,1149991,0,525600,1149991
0,100,6,23706,6,525600,23706
0,35059,1124,10990392,1724,525600,10990392
0,488276,11825,52682719,22253,525600,52682719
0,22170,417,3016259,1555,525600,3016259
0,18,2,45038,1,525600,45038
0,27075,16769,16418344,1140,525600,16418344
0,1715,566,228403,1157,525600,228403
0,42648,1525,10431538,1204,525600,10431538
0,16929,4381,11539402,1955,525600,11539402
0,62328,509,5648569,5422,525600,5648569
0,48,2,26487,9,525600,26487
0,25584,1572,7741791,2076,525600,7741791
0,104507,26427,7340304,36660,525600,7340304
0,27379,488,4382094,674,525600,4382094
0,8494,1766,1183230,4351,525600,1183230
0,5758,183,1265561,854,525600,1265561
0,74030,5601,24923663,9866,525600,24923663
0,20,0,8953,6,525600,8953
0,687,363,313356,17,525600,313356
0,47,3,20135,10,525600,20135
0,19398,1089,1708600,709,525600,1708600
0,26529,698,1825713,846,525600,1825713
0,159,19,211727,6,525600,211727
0,41,3,16368,4,525600,16368
0,2904,416,746301,3265,525600,746301
0,891,28,104970,212,525600,104970
0,120,1,43863,74,525600,43863
0,65470,2759,8206956,2123,525600,8206956
0,59,1,27536,9,525600,27536
0,60293,2340,12498267,2491,525600,12498267
0,56,0,7572,6,525600,7572
0,36,13,22627,12,525600,22627
0,111,0,38951,14,525600,38951
0,33691,4399,10033711,5452,525600,10033711
0,58,1,19596,20,525600,19596
0,131,19,74745,36,525600,74745
0,1130,53,109233,143,525600,109233
0,151,3,49780,64,525600,49780
0,67,1,11643,7,525600,11643
0,11371,321,595400,336,525600,595400
0,117,48,84955,25,525600,84955
0,34,3,67267,3,525600,67267
0,54,5,105327,3,525600,105327
0,23295,889,5100552,831,525600,5100552
0,44489,2938,8347625,2796,525600,8347625
0,3740,164,2718248,635,525600,2718248
0,81,0,31337,91,525600,31337
0,1375248,38828,264207889,114846,525600,264207889
0,32640,514,1182529,10488,525600,1182529
0,37,28,48529,5,525600,48529
0,54,5,105327,3,525600,105327
0,40148,1570,6932897,2958,525600,6932897
0,15660,578,1295240,807,525600,1295240
0,74,1,28219,64,525600,28219
0,36,13,22627,12,525600,22627
0,734,198,338211,10,525600,338211
0,288,29,61723,11,525600,61723
0,56,7,26751,16,525600,26751
0,152,17,111016,51,525600,111016
0,951,293,2729013,23,525600,2729013
0,35572,4260,8319269,582,525600,8319269
0,183,11,131148,40,525600,131148
0,1163,25,160407,51,525600,160407
0,149,10,18309,24,525600,18309
0,29,9,27408,2,525600,27408
0,1686,57,103217,66,525600,103217
0,200,7,64605,24,525600,64605
0,51,5,135029,1,525600,135029
0,1126,51,153215,15,525600,153215
0,15064,308,868195,204,525600,868195
0,1,1,125661,6,525600,125661
0,120,1,43863,74,525600,43863
0,914,16,105287,35,525600,105287
0,285,40,57000,17,525600,57000
0,310,16,37327,50,525600,37327
0,91,14,22482,5,525600,22482
0,371,33,799866,219,525600,799866
0,85,0,43510,4,525600,43510
0,3740,164,2718248,635,525600,2718248
0,5601,281,1308562,917,525600,1308562
0,26,3,24407,12,525600,24407
0,334,17,135900,128,525600,135900
0,49285,2315,11491237,1963,525600,11491237
0,19541,5010,425004,4508,525600,425004
0,16,3,6075,0,525600,6075
0,73494,2656,14109792,3463,525600,14109792
0,27263,507,4577877,1069,525600,4577877
0,157,30,40410,6,525600,40410
0,30032,887,4061298,2369,525600,4061298
0,47114,15836,2254804,13639,525600,2254804
0,19088,2801,5688229,8260,525600,5688229
0,99323,6901,8102572,5320,525600,8102572
0,8617,240,4064198,728,525600,4064198
0,6,3,1252,2,525600,1252
0,3475,91,1352088,345,525600,1352088
0,295,59,109926,19,525600,109926
0,4386,226,397474,325,525600,397474
0,11065,2902,1706050,17496,525600,1706050
0,955,134,344909,70,525600,344909
0,49640,24152,69079068,1269,525600,69079068
0,8078,242,1402436,348,525600,1402436
0,5326,197,152564,572,525600,152564
0,1624,123,229025,438,525600,229025
0,48,9,23006,7,525600,23006
0,50,65,84155,1,525600,84155
0,10005,2032,4264341,627,525600,4264341
0,2,1,171,0,525600,171
0,1028,319,315591,78,525600,315591
0,177,63,69005,15,525600,69005
0,1,1,245,0,525600,245
0,56,25,56736,4,525600,56736
0,145,12,36525,11,525600,36525
0,27700,1250,2243437,1352,525600,2243437
0,4216,783,1992851,115,525600,1992851
0,6983,3269,9879629,166,525600,9879629
0,6813,2939,3424892,196,525600,3424892
0,4507,283,719025,33,525600,719025
0,2713,958,1426131,89,525600,1426131
0,17688,608,807084,577,525600,807084
0,272,16,313031,76,525600,313031
0,1478,30,16732,394,525600,16732
0,12336,441,1324882,31,525600,1324882
0,3696,71,142427,902,525600,142427
0,52423,1224,1513969,3648,525600,1513969
0,984,8,17619,72,525600,17619
0,673,20,9004,26,525600,9004
0,10627,492,1577566,92,525600,1577566
0,6448,412,5542067,666,525600,5542067
0,68041,3193,2716568,1889,525600,2716568
0,268,10,13079,59,525600,13079
0,1938,44,58526,645,525600,58526
0,1745264,6966,34731990,68134,525600,34731990
0,879,377,1720926,34,525600,1720926
0,3159,79,140646,729,525600,140646
0,500,24,22170,73,525600,22170
0,151010,4383,23801644,3499,525600,23801644
0,3833,157,189907,716,525600,189907
0,71236,17452,18765208,1132,525600,18765208
0,1964,50,61123,230,525600,61123
0,3879,247,858241,28,525600,858241
0,72741,3450,8558533,1018,525600,8558533
0,206,8,3813,10,525600,3813
0,79,0,14173,37,525600,14173
0,340,34,25211,15,525600,25211
0,4293,223,506823,582,525600,506823
0,64711,3832,12236514,8853,525600,12236514
0,14673,608,1713022,112,525600,1713022
0,1162,30,54091,4,525600,54091
0,42334,12660,30120550,1278,525600,30120550
0,2273972,161999,394037709,91680,525600,394037709
0,29,6,20748,19,525600,20748
0,472,19,32055,109,525600,32055
0,5255,293,245374,1593,525600,245374
0,82578,746,2779706,4874,525600,2779706
0,843,23,19643,224,525600,19643
0,653,3,11208,122,525600,11208
0,6313,134,140128,1017,525600,140128
0,82,9,5905,3,525600,5905
0,7059,1024,1524314,918,525600,1524314
0,2744,41,129920,476,525600,129920
0,6314,134,140128,1018,525600,140128
0,35740,7935,8101449,1713,525600,8101449
0,167361,14563,21853491,4745,525600,21853491
0,517636,19113,78541457,28343,525600,78541457
0,77,3,6663,17,525600,6663
0,2744,41,129920,476,525600,129920
0,195,7,2930,34,525600,2930
0,2273972,161999,394037709,91680,525600,394037709
0,6210,156,488749,627,525600,488749
0,4265,22,67450,254,525600,67450
0,132125,5819,20202659,1775,525600,20202659
0,344,8,6329,94,525600,6329
0,72145,12399,10644603,5784,525600,10644603
0,68656,1861,3226111,1740,525600,3226111
0,1005,24,60213,171,525600,60213
0,3143,72,161078,598,525600,161078
0,32,5,4032,11,525600,4032
0,280,26,12274,155,525600,12274
0,2667,304,156900,1353,525600,156900
0,6141,288,218579,2073,525600,218579
0,939,29,41233,418,525600,41233
0,29745,2134,310480,694,525600,310480
0,24983,755,962820,2254,525600,962820
0,2256,313,483714,388,525600,483714
0,1794,57,77872,762,525600,77872
0,338,26,37484,202,525600,37484
0,2292,187,647783,122,525600,647783
0,2727,47,99746,145,525600,99746
0,1692,17,21774,95,525600,21774
0,20583,648,180143,542,525600,180143
0,4,0,91,0,525600,91
0,3318,71,96268,924,525600,96268
0,4670,225,137852,1074,525600,137852
0,2469,43,85667,1022,525600,85667
0,52934,6608,16629096,2285,525600,16629096
0,105759,11224,24775137,3734,525600,24775137
0,3319,1330,500713,647,525600,500713
0,44,6,8010,10,525600,8010
0,103,3,3552,22,525600,3552
0,3159,79,140646,729,525600,140646
0,148114,8687,35114814,5979,525600,35114814
0,3336,94,154251,558,525600,154251
0,186784,14363,56715780,3433,525600,56715780
0,180842,4657,23255919,2805,525600,23255919
0,653,3,11208,122,525600,11208
0,18915,314,866345,1213,525600,866345
0,151010,4383,23801644,3499,525600,23801644
0,2811,366,677976,861,525600,677976
0,155075,3763,7578634,19006,525600,7578634
0,239,10,8750,38,525600,8750
0,38967,3600,14289912,1704,525600,14289912
0,24660,7254,9314230,1574,525600,9314230
0,260443,9665,4437491,11321,525600,4437491
0,2295,106,120938,129,525600,120938
0,697642,13395,82006071,16005,525600,82006071
0,16670,2166,4797238,859,525600,4797238
0,5663,1631,9032840,395,525600,9032840
0,12799,10371,24748825,543,525600,24748825
0,69010,1391,8658209,6116,525600,8658209
0,354,15,17160,130,525600,17160
0,73096,431,4982765,2959,525600,4982765
0,73557,8161,27015500,2010,525600,27015500
0,330493,2822,7462118,5059,525600,7462118
0,51,5,1396,4,525600,1396
0,11822,62,44646,1556,525600,44646
0,1003,14,33366,156,525600,33366
0,3323,877,2548864,303,525600,2548864
0,4428,92,134645,971,525600,134645
0,56528,1398,7643691,5012,525600,7643691
0,5039,280,462477,1097,525600,462477
0,15373,42,101959,837,525600,101959
0,3155,287,345981,1923,525600,345981
0,24802,905,5540289,2384,525600,5540289
0,74703,1504,13078008,4626,525600,13078008
0,50056,891,4518571,1227,525600,4518571
0,904,38,53834,262,525600,53834
0,61447,1693,13142276,5181,525600,13142276
0,1907674,117167,76263945,115844,525600,76263945
0,33,1,4020,3,525600,4020
0,94,1,11555,3,525600,11555
0,268710,1812,11767866,10293,525600,11767866
0,7361,348,862202,513,525600,862202
0,820118,58007,161036932,21047,525600,161036932
0,9486,1174,2514297,458,525600,2514297
0,2399,35,155157,156,525600,155157
0,18336,1054,1637580,1337,525600,1637580
0,1723262,132717,182831981,119652,525600,182831981
0,353588,15894,81023039,15913,525600,81023039
0,5336,398,1734990,739,525600,1734990
0,26419,4138,3399296,546,525600,3399296
0,2940,51,650662,68,525600,650662
0,48604,530,1338467,2207,525600,1338467
0,50,6,3278,22,525600,3278
0,18799,687,282369,356,525600,282369
0,4070,285,379607,2904,525600,379607
0,649,8,28924,148,525600,28924
0,352,10,8625,100,525600,8625
0,661044,52707,21457134,16208,525600,21457134
0,4070,285,379607,2904,525600,379607
0,661044,52707,21457134,16208,525600,21457134
0,94,1,11555,3,525600,11555
0,2940,51,650662,68,525600,650662
0,277771,2399,30546239,6209,525600,30546239
0,48604,530,1338467,2207,525600,1338467
0,524,32,13038,275,525600,13038
0,81,5,10996,23,525600,10996
0,47429,1598,5357501,6950,525600,5357501
0,31140,1207,6053735,1536,525600,6053735
0,22359,342,3784585,2120,525600,3784585
0,28757,607,3227794,1937,525600,3227794
0,36478,1566,1854089,2321,525600,1854089
0,87,10,5808,24,525600,5808
0,31298,3141,2117951,1609,525600,2117951
0,25655,2011,5942192,948,525600,5942192
0,916,27,400834,72,525600,400834
0,3964,153,1246096,177,525600,1246096
0,24134,1604,1576259,4617,525600,1576259
0,2445,37,362618,236,525600,362618
0,29351,176,470254,3393,525600,470254
0,10380,378,95328,1400,525600,95328
0,1178,12,10060,112,525600,10060
0,10911,205,972201,938,525600,972201
0,33919,1854,7900899,3354,525600,7900899
0,327038,17667,110627628,20133,525600,110627628
0,1034,41,250121,53,525600,250121
0,907661,33172,126721688,33621,525600,126721688
0,249,3,9218,6,525600,9218
0,15381,3745,5509726,909,525600,5509726
0,4259,90,124533,267,525600,124533
0,80236,4159,3617276,12797,525600,3617276
0,20788,346,961155,297,525600,961155
0,140,2,16972,3,525600,16972
0,98200,5188,22520191,7272,525600,22520191
0,106862,6836,8392438,6547,525600,8392438
0,1517,69,231968,96,525600,231968
0,54494,1819,7429447,2519,525600,7429447
0,274115,8868,55972237,16467,525600,55972237
0,41066,735,7349286,3186,525600,7349286
0,96047,2842,12960250,4024,525600,12960250
0,78527,2278,2223657,5057,525600,2223657
0,1315314,72406,168104091,62256,525600,168104091
0,8494,1766,1183230,4351,525600,1183230
0,84648,3077,14626089,3458,525600,14626089
0,26396,895,1559637,948,525600,1559637
0,1672,56,62703,103,525600,62703
0,142574,5124,16594578,13571,525600,16594578
0,353318,8272,15246889,19751,525600,15246889
0,1672,56,62703,103,525600,62703
0,218653,4633,47912738,24396,525600,47912738
0,6554,163,999047,256,525600,999047
0,86568,1743,12889380,4980,525600,12889380
0,26396,895,1559637,948,525600,1559637
0,5427792,168787,593731731,191365,525600,593731731
0,111146,1839,7167258,2399,525600,7167258
0,18384,580,2926669,2290,525600,2926669
0,1315314,72406,168104091,62256,525600,168104091
0,142574,5124,16594578,13571,525600,16594578
0,48137,740,3682929,1893,525600,3682929
0,9271,299,458147,167,525600,458147
0,10227,1971,1046165,1754,525600,1046165
0,59820,1613,7594701,1959,525600,7594701
0,9493,2321,2273036,5240,525600,2273036
0,22681,412,1134491,1141,525600,1134491
0,16323,1859,6659442,944,525600,6659442
0,35590,1077,5508561,3087,525600,5508561
0,47611,4286,9125842,2721,525600,9125842
0,6629,443,2517049,437,525600,2517049
0,23983,1223,1277614,3652,525600,1277614
0,163,7,79868,22,525600,79868
0,23007,727,1918517,869,525600,1918517
0,222,14,22860,26,525600,22860
0,14006,426,1332093,1069,525600,1332093
0,14105,1287,961103,1289,525600,961103
0,37336,992,4320783,1464,525600,4320783
0,429439,7744,23586398,5707,525600,23586398
0,1556,127,621751,152,525600,621751
0,76079,939,5735104,3709,525600,5735104
0,145828,4796,24431830,6897,525600,24431830
0,11160760,648278,1006817485,2122736,525600,1006817485
0,63053,8452,8480009,2249,525600,8480009
0,126,5,113979,54,525600,113979
0,6301,158,1122281,522,525600,1122281
0,2070858,32892,212099601,80436,525600,212099601
0,42494,30785,10388311,27947,525600,10388311
0,166772,9401,30536350,11485,525600,30536350
0,127875,2943,15052006,10248,525600,15052006
0,281204,7757,55256844,26569,525600,55256844
0,129916,2799,31655152,14629,525600,31655152
0,29255,17786,25539262,1393,525600,25539262
0,2120,85,154449,427,525600,154449
0,58605,2149,9258302,3941,525600,9258302
0,315357,3501,23952874,7218,525600,23952874
0,218075,7684,50553872,14430,525600,50553872
0,357,18,12680,153,525600,12680
0,3040,457,7844357,306,525600,7844357
0,256934,5741,31200899,14718,525600,31200899
0,3040,457,7844357,306,525600,7844357
0,63053,8452,8480009,2249,525600,8480009
0,126,5,113979,54,525600,113979
0,32716,266,352119,1873,525600,352119
0,58605,2149,9258302,3941,525600,9258302
0,55933,1221,13397698,4522,525600,13397698
0,129916,2799,31655152,14629,525600,31655152
0,127875,2943,15052006,10248,525600,15052006
0,25550,508,1538995,1274,525600,1538995
0,11616,310,1069036,955,525600,1069036
0,256934,5741,31200899,14718,525600,31200899
0,311359,4268,27033913,26364,525600,27033913
0,315357,3501,23952874,7218,525600,23952874
0,42494,30785,10388311,27947,525600,10388311
0,214,8,3361,65,525600,3361
0,8884,229,1630322,512,525600,1630322
0,254926,8728,42213711,6853,525600,42213711
0,5714,63,91092,264,525600,91092
0,27389,999,5348530,2544,525600,5348530
0,255886,6194,9188296,11502,525600,9188296
0,19745,458,4144219,1198,525600,4144219
0,431037,15923,46129743,17270,525600,46129743
0,12746,1074,813571,1995,525600,813571
0,41015,3758,5801331,3898,525600,5801331
0,57109,1159,6559887,3885,525600,6559887
0,44853,2430,4989059,7503,525600,4989059
0,24167,501,1090279,1575,525600,1090279
0,15511,196,542387,1578,525600,542387
0,73904,4756,20521541,4435,525600,20521541
0,181,18,117579,6,525600,117579
0,227,17,19757,52,525600,19757
0,153725,4928,32399047,15069,525600,32399047
0,601,82,49040,515,525600,49040
0,231397,6234,25845210,4065,525600,25845210
0,115008,2947,29515059,14940,525600,29515059
0,311823,5989,61332543,14803,525600,61332543
0,86,1,2423,12,525600,2423
0,175270,3028,15547553,3858,525600,15547553
0,178549,5243,19586559,11034,525600,19586559
0,6292,53,147211,346,525600,147211
0,52840,930,1509625,3353,525600,1509625
0,17197,257,562476,2271,525600,562476
0,35695,1448,6169882,2561,525600,6169882
0,130313,2524,12688760,7183,525600,12688760
0,8283,168,1070672,2008,525600,1070672
0,386288,12777,52415649,10051,525600,52415649
0,37,8,26028,2,525600,26028
0,39,0,13140,2,525600,13140
0,13,4,46907,2,525600,46907
0,17290,327,3837877,698,525600,3837877
0,342,54,278242,39,525600,278242
0,431037,15923,46129743,17270,525600,46129743
0,6292,53,147211,346,525600,147211
0,875557,500172,791510152,6516,525600,791510152
0,386288,12777,52415649,10051,525600,52415649
0,234,8,121627,21,525600,121627
0,231397,6234,25845210,4065,525600,25845210
0,3387,78,162868,124,525600,162868
0,437,23,328643,19,525600,328643
0,178549,5243,19586559,11034,525600,19586559
0,2547,77,83209,756,525600,83209
0,68392,2745,8904068,2180,525600,8904068
0,3497,126,272522,568,525600,272522
0,248193,126375,156577566,5333,525600,156577566
0,4728,1768,2850920,175,525600,2850920
0,29,5,24642,1,525600,24642
0,19046,273,2228875,1552,525600,2228875
0,50,9,5819,58,525600,5819
0,158,56,250224,4,525600,250224
0,6960,73,296534,550,525600,296534
0,209742,4604,8598936,20922,525600,8598936
0,141,15,39619,46,525600,39619
0,17100,718,3551684,1410,525600,3551684
0,193,6,42202,21,525600,42202
0,495,47,38930,57,525600,38930
0,0,0,6576,0,525600,6576
0,203153,3782,4502481,25099,525600,4502481
0,89246,4039,19395903,5514,525600,19395903
0,130313,2524,12688760,7183,525600,12688760
0,21118,1371,2293935,1383,525600,2293935
0,82114,6212,28250038,5027,525600,28250038
0,40253,1232,5159513,3057,525600,5159513
0,469,174,103880,156,525600,103880
0,208197,8740,39873460,20282,525600,39873460
0,89,1,19575,34,525600,19575
0,158088,2731,7478098,9818,525600,7478098
0,73585,2726,8061992,8914,525600,8061992
0,74397,2342,9964943,4464,525600,9964943
0,51845,1294,6035454,1525,525600,6035454
0,18496,918,2499118,2594,525600,2499118
0,16167,564,1713276,2308,525600,1713276
0,386826,8883,32173198,31421,525600,32173198
0,116438,6172,21031597,2697,525600,21031597
0,513,21,140988,68,525600,140988
0,8991,322,654057,1758,525600,654057
0,331584,45815,80074966,172981,525600,80074966
0,31223,421,1221129,3248,525600,1221129
0,40401,1461,4010630,3415,525600,4010630
0,8991,322,654057,1758,525600,654057
0,96,5,26221,137,525600,26221
0,40401,1461,4010630,3415,525600,4010630
0,16167,564,1713276,2308,525600,1713276
0,331584,45815,80074966,172981,525600,80074966
0,20218,2514,2206249,6115,525600,2206249
0,13295,840,994824,2393,525600,994824
0,18,1,15220,48,525600,15220
0,66400,8017,5604562,22237,525600,5604562
0,63217,298,942939,3300,525600,942939
0,834,119,72730,366,525600,72730
0,172,28,74997,77,525600,74997
0,398541,15201,60919240,17083,525600,60919240
0,15841,3261,7497455,1127,525600,7497455
0,55033,1959,8761648,2900,525600,8761648
0,252848,5244,15906049,6934,525600,15906049
0,281,8,44025,77,525600,44025
0,18179,1112,1367727,827,525600,1367727
0,41466,3784,8119364,4484,525600,8119364
0,256788,3241,15130021,4872,525600,15130021
0,161,65,53077,61,525600,53077
0,101389,1648,12589359,1986,525600,12589359
0,128,5,58789,9,525600,58789
0,14891,457,1813543,1976,525600,1813543
0,376958,14022,35941874,12492,525600,35941874
0,662,21,227070,89,525600,227070
0,63,0,22697,6,525600,22697
0,77063,2342,14343391,2262,525600,14343391
0,74,9,22276,14,525600,22276
0,45565,2434,7795095,4444,525600,7795095
0,124,37,52958,10,525600,52958
0,36882,1318,6349702,1408,525600,6349702
0,111850,5806,11212313,4540,525600,11212313
0,182,3,51620,24,525600,51620
0,310,16,153630,80,525600,153630
0,224,5,53401,29,525600,53401
0,7379,222,646616,575,525600,646616
0,95,2,52103,51,525600,52103
0,5252,336,313079,316,525600,313079
0,78,16,35173,12,525600,35173
0,42823,1132,6487200,1991,525600,6487200
0,90385,1749,8587624,3900,525600,8587624
0,2497,197,303892,742,525600,303892
0,8510,235,444197,510,525600,444197
0,127,9,71761,11,525600,71761
0,14477,542,4300840,771,525600,4300840
0,14477,542,4300840,771,525600,4300840
0,31,4,23302,6,525600,23302
0,127,9,71761,11,525600,71761
0,85,55,83570,25,525600,83570
0,40,5,61381,4,525600,61381
0,48,2,13571,2,525600,13571
0,420729,12754,26045451,8916,525600,26045451
0,4651,200,806816,94,525600,806816
0,7123,619,1507735,1304,525600,1507735
0,105,11,2895,19,525600,2895
0,235,12,16343,32,525600,16343
0,134349,2348,4809274,18707,525600,4809274
0,31701,980,1742212,6581,525600,1742212
0,156624,73178,47776678,1590,525600,47776678
0,116193,56103,34763789,922,525600,34763789
0,29158,640,1138388,770,525600,1138388
0,1175266,52482,202044830,86516,525600,202044830
0,3431,252,123023,299,525600,123023
0,54179,27314,19891172,630,525600,19891172
0,36183,783,449923,1565,525600,449923
0,47,2,3345,2,525600,3345
0,25683,2374,2594267,4172,525600,2594267
0,15756,517,1155041,472,525600,1155041
0,7071,3335,881215,5,525600,881215
0,263,19,8560,102,525600,8560
0,58153,2745,24588820,4159,525600,24588820
0,27021,1119,827224,1192,525600,827224
0,22737,749,605921,2147,525600,605921
0,16,5,283,13,525600,283
0,303078,3267,2424386,7356,525600,2424386
0,165,7,11344,19,525600,11344
0,145548,15029,21834671,6494,525600,21834671
0,67,3,4883,19,525600,4883
0,244,3,3706,11,525600,3706
0,261,11,16621,57,525600,16621
0,453,50,36682,159,525600,36682
0,13809,524,188847,242,525600,188847
0,4474,285,239137,148,525600,239137
0,44,2,2205,9,525600,2205
0,75,28,12400,48,525600,12400
0,18878,556,171085,2081,525600,171085
0,921,105,156006,119,525600,156006
0,21898,237,519302,1724,525600,519302
0,108214,19192,16570308,2603,525600,16570308
0,1695,110,94834,302,525600,94834
0,41609,2141,1465510,3837,525600,1465510
0,1053,84,244116,191,525600,244116
0,116,12,7700,16,525600,7700
0,47411,1832,2132086,4225,525600,2132086
0,83,6,7893,17,525600,7893
0,100,4,4080,28,525600,4080
0,87,9,4075,22,525600,4075
0,85,24,22450,34,525600,22450
0,149,71,16081,33,525600,16081
0,1518,105,71023,760,525600,71023
0,108,53,8815,104,525600,8815
0,7424,1004,1293430,732,525600,1293430
0,420,222,55698,668,525600,55698
0,300,47,100818,9,525600,100818
0,17,10,4545,17,525600,4545
0,99,12,7992,18,525600,7992
0,39,11,4407,16,525600,4407
0,51289,2676,29614948,2224,525600,29614948
0,636797,13872,76248491,11083,525600,76248491
0,181,230,26268,352,525600,26268
0,523,18,14243,167,525600,14243
0,87,4,3292,7,525600,3292
0,1139,183,94637,406,525600,94637
0,4836,144,104533,204,525600,104533
0,32,3,2602,3,525600,2602
0,111,34,11496,109,525600,11496
0,126,9,9492,18,525600,9492
0,386,18,23036,20,525600,23036
0,3879,131,187691,257,525600,187691
0,53946,1890,3210765,10674,525600,3210765
0,310,15,12530,72,525600,12530
0,25,6,7895,1,525600,7895
0,118189,2182,5348352,2493,525600,5348352
0,45172,2361,3769239,3459,525600,3769239
0,118,103,17527,127,525600,17527
0,902,15,34100,89,525600,34100
0,16114,1714,2307350,1638,525600,2307350
0,14549,1723,2274017,1431,525600,2274017
0,12298,413,323486,354,525600,323486
0,36452,2226,3969681,3056,525600,3969681
0,18,7,2101,1,525600,2101
0,11795,986,2021315,1798,525600,2021315
0,6799,472,226593,749,525600,226593
0,4224,166,164641,558,525600,164641
0,39814,5308,6201222,1079,525600,6201222
0,15910,287,1133961,875,525600,1133961
0,14008,1622,2193648,1379,525600,2193648
0,970722,59404,209837693,16819,525600,209837693
0,693,46,244674,61,525600,244674
0,714212,347707,225937135,794,525600,225937135
0,472629,236411,255536448,259,525600,255536448
0,341571,16095,17093314,11650,525600,17093314
0,107,20,16231,12,525600,16231
0,283,18,13120,11,525600,13120
0,659559,17967,89478180,13758,525600,89478180
0,3314,128,201307,146,525600,201307
0,33269,545,733096,4305,525600,733096
0,190653,13000,6812279,27863,525600,6812279
0,77577,8438,21583760,1603,525600,21583760
0,970,29,52591,92,525600,52591
0,243602,17911,17952353,10923,525600,17952353
0,3077,288,141580,202,525600,141580
0,1633,514,3712283,91,525600,3712283
0,12517,1475,2014912,959,525600,2014912
0,2623928,61341,395466442,65407,525600,395466442
0,56569,3965,2627581,390,525600,2627581
0,27,20,12430,28,525600,12430
0,326,10,17036,21,525600,17036
0,2693,128,355783,125,525600,355783
0,1021,86,20911,484,525600,20911
0,42447,4298,21946540,1934,525600,21946540
0,6874,53,215050,255,525600,215050
0,1228,165,321346,306,525600,321346
0,9153,1301,886137,5270,525600,886137
0,1912,248,416012,769,525600,416012
0,1895,91,205304,92,525600,205304
0,756,56,27150,145,525600,27150
0,7421,481,529107,551,525600,529107
0,85611,18453,34346594,7632,525600,34346594
0,47314,17330,13666459,626,525600,13666459
0,150727,7889,21570565,4969,525600,21570565
0,116,19,8693,35,525600,8693
0,26068,1100,3151767,1143,525600,3151767
0,2035,16,16474,210,525600,16474
0,1401,163,43965,166,525600,43965
0,59025,8018,43015448,4126,525600,43015448
0,1997,27,35929,184,525600,35929
0,44829,3000,2028286,451,525600,2028286
0,362967,212672,268052386,5398,525600,268052386
0,97178,6897,22439863,2190,525600,22439863
0,81005,5837,3747043,1869,525600,3747043
0,577826,22374,132785593,7618,525600,132785593
0,76330,19868,15650781,2520,525600,15650781
0,21194,3246,2604474,290,525600,2604474
0,81716,5086,31674605,2745,525600,31674605
0,19232,2034,912375,3203,525600,912375
0,26672,1536,7631730,786,525600,7631730
0,24867,1053,3048133,2036,525600,3048133
0,27620,938,9097884,2430,525600,9097884
0,121568,8630,12606569,7564,525600,12606569
0,47314,17330,13666459,626,525600,13666459
0,323,79,108728,88,525600,108728
0,81005,5837,3747043,1869,525600,3747043
0,32326,2323,17596828,659,525600,17596828
0,67344,31849,14824856,98,525600,14824856
0,56569,3965,2627581,390,525600,2627581
0,64598,996,6021640,1465,525600,6021640
0,151562,6970,54447252,9183,525600,54447252
0,499324,35601,67566607,14142,525600,67566607
0,21194,3246,2604474,290,525600,2604474
0,41205,748,2272724,4776,525600,2272724
0,64358,861,2612588,4160,525600,2612588
0,52269,3325,2698290,6508,525600,2698290
0,322772,8239,4996025,16984,525600,4996025
0,14867,8349,2837843,0,525600,2837843
0,111,114,262605,39,525600,262605
0,9875,257,378699,552,525600,378699
0,25602,475,2126384,2518,525600,2126384
0,52191,1254,3272292,1194,525600,3272292
0,2257,76,224860,260,525600,224860
0,31389,288,1284241,1978,525600,1284241
0,44829,3000,2028286,451,525600,2028286
0,85611,18453,34346594,7632,525600,34346594
0,148,22,13202,32,525600,13202
0,124272,5436,18775264,3043,525600,18775264
0,44771,2235,24612734,1924,525600,24612734
0,94279,2647,2210940,1834,525600,2210940
0,21735,2542,1136885,2637,525600,1136885
0,6213,140,231044,79,525600,231044
0,63576,2247,4304239,3648,525600,4304239
0,44728,18020,14981411,801,525600,14981411
0,13391,2434,2748024,360,525600,2748024
0,9810,191,433971,1248,525600,433971
0,36615,2368,10480094,1220,525600,10480094
0,3165,45,84574,99,525600,84574
0,31331,392,1320373,1140,525600,1320373
0,491550,233516,150980741,144,525600,150980741
0,163,14,12318,63,525600,12318
0,77565,2413,2199863,971,525600,2199863
0,3000,35,94369,212,525600,94369
0,1773,5,80236,73,525600,80236
0,504098,117496,214114897,13377,525600,214114897
0,88014,10482,68497636,7842,525600,68497636
0,13135,201,220267,852,525600,220267
0,31331,392,1320373,1140,525600,1320373
0,63576,2247,4304239,3648,525600,4304239
0,111,114,262605,39,525600,262605
0,30825,1390,6189558,1330,525600,6189558
0,5893,225,563442,278,525600,563442
0,44040,1569,3213531,3026,525600,3213531
0,26521,894,1133870,4786,525600,1133870
0,46474,15271,15911237,9082,525600,15911237
0,43437,1137,1953118,3045,525600,1953118
0,1773,5,80236,73,525600,80236
0,13197,7580,24068233,372,525600,24068233
0,24078,154,569125,1197,525600,569125
0,27537,2276,1969232,1832,525600,1969232
0,163,14,12318,63,525600,12318
0,31195,2056,14773242,3524,525600,14773242
0,50101,5845,15788068,2970,525600,15788068
0,19551,1461,2431037,850,525600,2431037
0,1801,73,110549,206,525600,110549
0,169377,8265,44132178,6023,525600,44132178
0,94279,2647,2210940,1834,525600,2210940
0,6213,140,231044,79,525600,231044
0,491550,233516,150980741,144,525600,150980741
0,30733,1242,2510888,607,525600,2510888
0,4628,785,1665478,853,525600,1665478
0,1182063,83506,335443713,49901,525600,335443713
0,68719,814,2184811,2291,525600,2184811
0,3165,45,84574,99,525600,84574
0,50325,4391,2036243,3902,525600,2036243
0,10320,923,1900360,1761,525600,1900360
0,77469,1477,8736686,1031,525600,8736686
0,77565,2413,2199863,971,525600,2199863
0,26219,1423,1406002,1445,525600,1406002
0,116957,5661,14708804,5123,525600,14708804
0,335879,20140,60263521,11784,525600,60263521
0,13952,1470,2634775,1629,525600,2634775
0,1635,205,408574,259,525600,408574
0,14513,1566,2449111,1434,525600,2449111
0,1979,595,338742,1544,525600,338742
0,549896,20508,23550140,21490,525600,23550140
0,985462,45574,268092713,12444,525600,268092713
0,194411,1202,2642165,16689,525600,2642165
0,1333914,185798,238885191,72631,525600,238885191
0,8833,532,2139361,1439,525600,2139361
0,6188,510,1001396,1431,525600,1001396
0,10478,1025,166907,762,525600,166907
0,83932,1881,4712933,7334,525600,4712933
0,10600,588,618733,2072,525600,618733
0,18525,289,321147,787,525600,321147
0,207612,4163,14909910,4325,525600,14909910
0,2045,79,125396,113,525600,125396
0,68399,3363,12855116,3885,525600,12855116
0,3796,348,1870156,519,525600,1870156
0,994597,26251,83677425,37533,525600,83677425
0,16787,283,1012061,812,525600,1012061
0,20888,469,4804249,699,525600,4804249
0,2522,238,537204,1322,525600,537204
0,26419,737,1050912,5755,525600,1050912
0,77302,2235,2962252,4206,525600,2962252
0,126797,4396,23109437,7823,525600,23109437
0,6098,357,684854,535,525600,684854
0,11376,418,2298576,606,525600,2298576
0,906,29,34456,85,525600,34456
0,51362,1409,3388941,3336,525600,3388941
0,70242,2234,10689143,5831,525600,10689143
0,21955,714,2132180,1949,525600,2132180
0,15098,134,759889,1067,525600,759889
0,196926,4599,37746118,4577,525600,37746118
0,38167,850,6451764,2784,525600,6451764
0,23585,1253,1144001,3015,525600,1144001
0,1807851,13498,20065693,113131,525600,20065693
0,2817,160,183621,418,525600,183621
0,7958,528,1673845,734,525600,1673845
0,479,61,113691,0,525600,113691
0,3010,273,1793269,145,525600,1793269
0,25466,1066,5542910,3074,525600,5542910
0,1276,145,316187,228,525600,316187
0,11208,1291,1291824,1510,525600,1291824
0,33859,437,1078551,692,525600,1078551
0,147020,5383,6273888,20446,525600,6273888
0,23194,226,651582,1229,525600,651582
0,7880,567,180674,577,525600,180674
0,586767,18364,46852609,21509,525600,46852609
0,142530,3098,10663518,3585,525600,10663518
0,1921,221,1075674,39,525600,1075674
0,17654,771,1903038,3047,525600,1903038
0,57127,2250,4402326,8094,525600,4402326
0,547,25,86435,38,525600,86435
0,14704,570,2805995,1595,525600,2805995
0,8124,184,1454544,288,525600,1454544
0,35699,243,1256649,1650,525600,1256649
0,210105,17142,71174678,10670,525600,71174678
0,37771,2798,1787654,2392,525600,1787654
0,9489645,672128,2518786525,562006,525600,2518786525
0,86340,8141,1792399,7659,525600,1792399
0,21604,845,2797014,918,525600,2797014
0,151298,8370,19391637,4715,525600,19391637
0,34802,1856,7150207,736,525600,7150207
0,11084,153,1156547,415,525600,1156547
0,4,0,19322,0,525600,19322
0,163,8,27886,43,525600,27886
0,60907,2899,9347837,2260,525600,9347837
0,88739,2615,17326231,11363,525600,17326231
0,2734,246,587473,180,525600,587473
0,46610,2066,612202,8142,525600,612202
0,2590,212,517045,95,525600,517045
0,71730,1802,13852710,4705,525600,13852710
0,2693442,122822,345014476,95990,525600,345014476
0,36783,8689,7756047,1035,525600,7756047
0,114888,1178,7036902,4272,525600,7036902
0,127668,1673,1004235,3205,525600,1004235
0,18192,714,4120104,2245,525600,4120104
0,47568,13305,15067286,1503,525600,15067286
0,65395,12964,18686584,1909,525600,18686584
0,3460,653,1963166,350,525600,1963166
0,52509,2286,3890261,6600,525600,3890261
0,3911,354,283099,88,525600,283099
0,60206,511,3180193,8087,525600,3180193
0,50638,804,1442109,840,525600,1442109
0,18127,2826,9546961,1045,525600,9546961
0,537929,12835,42680691,23702,525600,42680691
0,6532,408,3016126,773,525600,3016126
0,7274,665,315899,423,525600,315899
0,17673,907,2700532,1215,525600,2700532
0,9693,300,586189,1232,525600,586189
0,20,1,126247,1,525600,126247
0,12376,257,2180074,1435,525600,2180074
0,849,66,187450,68,525600,187450
0,114,2,23486,3,525600,23486
0,806,51,155583,10,525600,155583
0,87865,1757,11540673,3215,525600,11540673
0,140502,2240,21146447,8501,525600,21146447
0,3733,530,1034894,513,525600,1034894
0,30,7,49185,1,525600,49185
0,52011,2349,7712136,2777,525600,7712136
0,131,28,74293,15,525600,74293
0,8327,317,704033,535,525600,704033
0,991,68,792178,121,525600,792178
0,2494,356,137023,1034,525600,137023
0,108,8,14859,17,525600,14859
0,25,10,36530,2,525600,36530
0,2334,161,285510,191,525600,285510
0,688,16,251635,56,525600,251635
0,25,10,36530,2,525600,36530
0,7033,2416,1275508,186,525600,1275508
0,473,37,57091,2,525600,57091
0,467,43,249655,34,525600,249655
0,39874,1126,3266540,1663,525600,3266540
0,9499,1476,4378576,641,525600,4378576
0,199,7,53827,27,525600,53827
0,42,11,74041,2,525600,74041
0,20700,3398,3958311,615,525600,3958311
0,258,30,123656,18,525600,123656
0,16,0,50088,7,525600,50088
0,11,9,98900,1,525600,98900
0,68208,1962,8342201,3673,525600,8342201
0,11645,893,1741327,3000,525600,1741327
0,10877,403,848109,594,525600,848109
0,967,117,98541,187,525600,98541
0,1537,6,44357,10,525600,44357
0,31986,901,2614753,1763,525600,2614753
0,734,38,24211,27,525600,24211
0,658,96,83844,331,525600,83844
0,2564,277,2966010,568,525600,2966010
0,143,4,48995,17,525600,48995
0,10049,394,1850603,621,525600,1850603
0,278099,13776,20484976,9667,525600,20484976
0,859,17,69099,51,525600,69099
0,546363,41588,102614081,32887,525600,102614081
0,511,17,56781,186,525600,56781
0,406,10,70648,30,525600,70648
0,694,10,62426,88,525600,62426
0,46716,1606,5230705,1915,525600,5230705
0,46792,3191,10544322,1301,525600,10544322
0,509,90,35883,12,525600,35883
0,247,10,67877,35,525600,67877
0,2050,76,79607,51,525600,79607
0,75102,7768,4628633,63,525600,4628633
0,35711,1127,5365740,1792,525600,5365740
0,154091,2465,4755410,7567,525600,4755410
0,83,2,37926,14,525600,37926
0,1123,28,110976,83,525600,110976
0,14495,296,5704096,3094,525600,5704096
0,11368,196,1839042,947,525600,1839042
0,1274,37,545075,40,525600,545075
0,249,42,746744,9,525600,746744
0,36,4,817895,1,525600,817895
0,222,11,53282,15,525600,53282
0,2423878,77523,576630266,117805,525600,576630266
0,575,12,182554,88,525600,182554
0,1581,483,66517,518,525600,66517
0,197,10,64799,36,525600,64799
0,167,6,47745,12,525600,47745
0,19030,2601,3212693,693,525600,3212693
0,11096,91,82983,738,525600,82983
0,123862,633,1852096,10715,525600,1852096
0,1283,24,207983,45,525600,207983
0,116,7,74678,35,525600,74678
0,2615,109,152169,39,525600,152169
0,355,9,27715,4,525600,27715
0,156,25,104472,25,525600,104472
0,8230,978,3067277,87,525600,3067277
0,37,1,27781,4,525600,27781
0,558,19,295218,70,525600,295218
0,123282,5899,15289979,5837,525600,15289979
0,27040,1477,1774642,5895,525600,1774642
0,5077,120,595842,289,525600,595842
0,2137,88,303804,336,525600,303804
0,16709,513,4497255,1200,525600,4497255
0,26,2,40683,2,525600,40683
0,14166,1131,3599288,479,525600,3599288
0,231732,9887,12250585,47467,525600,12250585
0,35620,732,4850462,1338,525600,4850462
0,43522,2584,5874699,1174,525600,5874699
0,93813,5338,14989275,5144,525600,14989275
0,385,21,161241,34,525600,161241
0,0,0,143,0,525600,143
0,30658,858,1764107,1839,525600,1764107
0,23007,491,1276727,1523,525600,1276727
0,3774,151,203974,510,525600,203974
0,31803,1351,5278919,2203,525600,5278919
0,96517,1991,8428479,4293,525600,8428479
0,153750,25779,24803217,26638,525600,24803217
0,2378,656,1382756,147,525600,1382756
0,14217,327,483528,2283,525600,483528
0,9348,2694,8997467,353,525600,8997467
0,81291,2070,6680187,5038,525600,6680187
0,257977,10030,28230832,9490,525600,28230832
0,117142,3216,17943359,3817,525600,17943359
0,221,27,228796,49,525600,228796
0,231690,3054,13564911,13595,525600,13564911
0,264218,5864,28544915,5570,525600,28544915
0,9158,248,651724,1578,525600,651724
0,568909,6007,10220548,29098,525600,10220548
0,8490,164,267847,945,525600,267847
0,654,77,104807,162,525600,104807
0,8233,113,267218,142,525600,267218
0,4972,105,357758,176,525600,357758
0,30770,342,1966476,8444,525600,1966476
0,850,105,231797,131,525600,231797
0,34,11,9394,5,525600,9394
0,2380,269,447549,232,525600,447549
0,5156,182,929031,496,525600,929031
0,235,85,244,0,525600,244
0,806,103,244226,61,525600,244226
0,693,233,325731,54,525600,325731
0,57209,2303,17076160,3582,525600,17076160
0,243,21,51256,21,525600,51256
0,330,114,177161,36,525600,177161
